Airdrie United,Montrose,League One,Penny Cars Stadium,2021-07-31T14:00:00+00:00
Clyde,Dumbarton,League One,Broadwood Stadium,2021-07-31T14:00:00+00:00
Cove Rangers,Falkirk,League One,Balmoral Stadium,2021-07-31T14:00:00+00:00
East Fife,Queen's Park,League One,Bayview Stadium,2021-07-31T14:00:00+00:00
Peterhead,Alloa Athletic,League One,Balmoor Stadium,2021-07-31T14:00:00+00:00
Alloa Athletic,East Fife,League One,Indodrill Stadium,2021-08-07T14:00:00+00:00
Dumbarton,Airdrie United,League One,The C&G Systems Stadium,2021-08-07T14:00:00+00:00
Falkirk,Peterhead,League One,Falkirk Community Stadium,2021-08-07T14:00:00+00:00
Montrose,Clyde,League One,Links Park,2021-08-07T14:00:00+00:00
Queen's Park,Cove Rangers,League One,Firhill Stadium,2021-08-07T14:00:00+00:00
Airdrie United,Falkirk,League One,Penny Cars Stadium,2021-08-14T14:00:00+00:00
Clyde,Alloa Athletic,League One,Broadwood Stadium,2021-08-14T14:00:00+00:00
Cove Rangers,East Fife,League One,Balmoral Stadium,2021-08-14T14:00:00+00:00
Montrose,Peterhead,League One,Links Park,2021-08-14T14:00:00+00:00
Queen's Park,Dumbarton,League One,Firhill Stadium,2021-08-14T14:00:00+00:00
Alloa Athletic,Queen's Park,League One,Indodrill Stadium,2021-08-21T14:00:00+00:00
Dumbarton,Cove Rangers,League One,The C&G Systems Stadium,2021-08-21T14:00:00+00:00
East Fife,Montrose,League One,Bayview Stadium,2021-08-21T14:00:00+00:00
Falkirk,Clyde,League One,Falkirk Community Stadium,2021-08-21T14:00:00+00:00
Peterhead,Airdrie United,League One,Balmoor Stadium,2021-08-21T14:00:00+00:00
Airdrie United,Alloa Athletic,League One,Penny Cars Stadium,2021-08-28T14:00:00+00:00
Clyde,Cove Rangers,League One,Broadwood Stadium,2021-08-28T14:00:00+00:00
East Fife,Peterhead,League One,Bayview Stadium,2021-08-28T14:00:00+00:00
Falkirk,Queen's Park,League One,Falkirk Community Stadium,2021-08-28T14:00:00+00:00
Montrose,Dumbarton,League One,Links Park,2021-08-28T14:00:00+00:00
Alloa Athletic,Falkirk,League One,Indodrill Stadium,2021-09-11T14:00:00+00:00
Cove Rangers,Montrose,League One,Balmoral Stadium,2021-09-11T14:00:00+00:00
Dumbarton,East Fife,League One,The C&G Systems Stadium,2021-09-11T14:00:00+00:00
Peterhead,Clyde,League One,Balmoor Stadium,2021-09-11T14:00:00+00:00
Queen's Park,Airdrie United,League One,Firhill Stadium,2021-09-11T14:00:00+00:00
Airdrie United,East Fife,League One,Penny Cars Stadium,2021-09-18T14:00:00+00:00
Clyde,Queen's Park,League One,Broadwood Stadium,2021-09-18T14:00:00+00:00
Falkirk,Dumbarton,League One,Falkirk Community Stadium,2021-09-18T14:00:00+00:00
Montrose,Alloa Athletic,League One,Links Park,2021-09-18T14:00:00+00:00
Peterhead,Cove Rangers,League One,Balmoor Stadium,2021-09-18T14:00:00+00:00
Cove Rangers,Airdrie United,League One,Balmoral Stadium,2021-09-25T14:00:00+00:00
Dumbarton,Alloa Athletic,League One,The C&G Systems Stadium,2021-09-25T14:00:00+00:00
East Fife,Clyde,League One,Bayview Stadium,2021-09-25T14:00:00+00:00
Montrose,Falkirk,League One,Links Park,2021-09-25T14:00:00+00:00
Queen's Park,Peterhead,League One,Firhill Stadium,2021-09-25T14:00:00+00:00
Airdrie United,Clyde,League One,Penny Cars Stadium,2021-10-02T14:00:00+00:00
Alloa Athletic,Cove Rangers,League One,Indodrill Stadium,2021-10-02T14:00:00+00:00
Falkirk,East Fife,League One,Falkirk Community Stadium,2021-10-02T14:00:00+00:00
Peterhead,Dumbarton,League One,Balmoor Stadium,2021-10-02T14:00:00+00:00
Queen's Park,Montrose,League One,Firhill Stadium,2021-10-02T14:00:00+00:00
Alloa Athletic,Peterhead,League One,Indodrill Stadium,2021-10-16T14:00:00+00:00
Clyde,Montrose,League One,Broadwood Stadium,2021-10-16T14:00:00+00:00
Dumbarton,Queen's Park,League One,The C&G Systems Stadium,2021-10-16T14:00:00+00:00
East Fife,Cove Rangers,League One,Bayview Stadium,2021-10-16T14:00:00+00:00
Falkirk,Airdrie United,League One,Falkirk Community Stadium,2021-10-16T14:00:00+00:00
Airdrie United,Dumbarton,League One,Penny Cars Stadium,2021-10-23T14:00:00+00:00
Cove Rangers,Clyde,League One,Balmoral Stadium,2021-10-23T14:00:00+00:00
Montrose,East Fife,League One,Links Park,2021-10-23T14:00:00+00:00
Peterhead,Falkirk,League One,Balmoor Stadium,2021-10-23T14:00:00+00:00
Queen's Park,Alloa Athletic,League One,Firhill Stadium,2021-10-23T14:00:00+00:00
Alloa Athletic,Airdrie United,League One,Indodrill Stadium,2021-10-30T15:00:00+00:00
Clyde,Falkirk,League One,Broadwood Stadium,2021-10-30T15:00:00+00:00
Cove Rangers,Queen's Park,League One,Balmoral Stadium,2021-10-30T15:00:00+00:00
East Fife,Dumbarton,League One,Bayview Stadium,2021-10-30T15:00:00+00:00
Peterhead,Montrose,League One,Balmoor Stadium,2021-10-30T15:00:00+00:00
Airdrie United,Peterhead,League One,Penny Cars Stadium,2021-11-06T15:00:00+00:00
Dumbarton,Clyde,League One,The C&G Systems Stadium,2021-11-06T15:00:00+00:00
Falkirk,Alloa Athletic,League One,Falkirk Community Stadium,2021-11-06T15:00:00+00:00
Montrose,Cove Rangers,League One,Links Park,2021-11-06T15:00:00+00:00
Queen's Park,East Fife,League One,Firhill Stadium,2021-11-06T15:00:00+00:00
Alloa Athletic,Montrose,League One,Indodrill Stadium,2021-11-13T15:00:00+00:00
Cove Rangers,Peterhead,League One,Balmoral Stadium,2021-11-13T15:00:00+00:00
Dumbarton,Falkirk,League One,The C&G Systems Stadium,2021-11-13T15:00:00+00:00
East Fife,Airdrie United,League One,Bayview Stadium,2021-11-13T15:00:00+00:00
Queen's Park,Clyde,League One,Firhill Stadium,2021-11-13T15:00:00+00:00
Airdrie United,Cove Rangers,League One,Penny Cars Stadium,2021-11-20T15:00:00+00:00
Alloa Athletic,Dumbarton,League One,Indodrill Stadium,2021-11-20T15:00:00+00:00
Clyde,East Fife,League One,Broadwood Stadium,2021-11-20T15:00:00+00:00
Falkirk,Montrose,League One,Falkirk Community Stadium,2021-11-20T15:00:00+00:00
Peterhead,Queen's Park,League One,Balmoor Stadium,2021-11-20T15:00:00+00:00
Clyde,Peterhead,League One,Broadwood Stadium,2021-12-04T15:00:00+00:00
Cove Rangers,Dumbarton,League One,Balmoral Stadium,2021-12-04T15:00:00+00:00
East Fife,Alloa Athletic,League One,Bayview Stadium,2021-12-04T15:00:00+00:00
Montrose,Airdrie United,League One,Links Park,2021-12-04T15:00:00+00:00
Queen's Park,Falkirk,League One,Firhill Stadium,2021-12-04T15:00:00+00:00
Airdrie United,Queen's Park,League One,Penny Cars Stadium,2021-12-11T15:00:00+00:00
Alloa Athletic,Clyde,League One,Indodrill Stadium,2021-12-11T15:00:00+00:00
Dumbarton,Montrose,League One,The C&G Systems Stadium,2021-12-11T15:00:00+00:00
Falkirk,Cove Rangers,League One,Falkirk Community Stadium,2021-12-11T15:00:00+00:00
Peterhead,East Fife,League One,Balmoor Stadium,2021-12-11T15:00:00+00:00
Clyde,Airdrie United,League One,Broadwood Stadium,2021-12-18T15:00:00+00:00
Cove Rangers,Alloa Athletic,League One,Balmoral Stadium,2021-12-18T15:00:00+00:00
Dumbarton,Peterhead,League One,The C&G Systems Stadium,2021-12-18T15:00:00+00:00
East Fife,Falkirk,League One,Bayview Stadium,2021-12-18T15:00:00+00:00
Montrose,Queen's Park,League One,Links Park,2021-12-18T15:00:00+00:00
Airdrie United,Alloa Athletic,League One,Penny Cars Stadium,2021-12-26T15:00:00+00:00
Cove Rangers,East Fife,League One,Balmoral Stadium,2021-12-26T15:00:00+00:00
Falkirk,Clyde,League One,Falkirk Community Stadium,2021-12-26T15:00:00+00:00
Montrose,Peterhead,League One,Links Park,2021-12-26T15:00:00+00:00
Queen's Park,Dumbarton,League One,Firhill Stadium,2021-12-26T15:00:00+00:00
Alloa Athletic,Falkirk,League One,Indodrill Stadium,2022-01-02T15:00:00+00:00
Clyde,Queen's Park,League One,Broadwood Stadium,2022-01-02T15:00:00+00:00
Dumbarton,Airdrie United,League One,The C&G Systems Stadium,2022-01-02T15:00:00+00:00
East Fife,Montrose,League One,Bayview Stadium,2022-01-02T15:00:00+00:00
Peterhead,Cove Rangers,League One,Balmoor Stadium,2022-01-02T15:00:00+00:00
Airdrie United,East Fife,League One,Penny Cars Stadium,2022-01-08T15:00:00+00:00
Clyde,Cove Rangers,League One,Broadwood Stadium,2022-01-08T15:00:00+00:00
Falkirk,Dumbarton,League One,Falkirk Community Stadium,2022-01-08T15:00:00+00:00
Montrose,Alloa Athletic,League One,Links Park,2022-01-08T15:00:00+00:00
Queen's Park,Peterhead,League One,Firhill Stadium,2022-01-08T15:00:00+00:00
Airdrie United,Falkirk,League One,Penny Cars Stadium,2022-01-15T15:00:00+00:00
Alloa Athletic,Queen's Park,League One,Indodrill Stadium,2022-01-15T15:00:00+00:00
Cove Rangers,Montrose,League One,Balmoral Stadium,2022-01-15T15:00:00+00:00
Dumbarton,East Fife,League One,The C&G Systems Stadium,2022-01-15T15:00:00+00:00
Peterhead,Clyde,League One,Balmoor Stadium,2022-01-15T15:00:00+00:00
Clyde,Alloa Athletic,League One,Broadwood Stadium,2022-01-29T15:00:00+00:00
Dumbarton,Cove Rangers,League One,The C&G Systems Stadium,2022-01-29T15:00:00+00:00
East Fife,Peterhead,League One,Bayview Stadium,2022-01-29T15:00:00+00:00
Montrose,Falkirk,League One,Links Park,2022-01-29T15:00:00+00:00
Queen's Park,Airdrie United,League One,Firhill Stadium,2022-01-29T15:00:00+00:00
Cove Rangers,Airdrie United,League One,Balmoral Stadium,2022-02-05T15:00:00+00:00
East Fife,Clyde,League One,Bayview Stadium,2022-02-05T15:00:00+00:00
Falkirk,Queen's Park,League One,Falkirk Community Stadium,2022-02-05T15:00:00+00:00
Montrose,Dumbarton,League One,Links Park,2022-02-05T15:00:00+00:00
Peterhead,Alloa Athletic,League One,Balmoor Stadium,2022-02-05T15:00:00+00:00
Airdrie United,Montrose,League One,Penny Cars Stadium,2022-02-12T15:00:00+00:00
Alloa Athletic,East Fife,League One,Indodrill Stadium,2022-02-12T15:00:00+00:00
Clyde,Dumbarton,League One,Broadwood Stadium,2022-02-12T15:00:00+00:00
Falkirk,Peterhead,League One,Falkirk Community Stadium,2022-02-12T15:00:00+00:00
Queen's Park,Cove Rangers,League One,Firhill Stadium,2022-02-12T15:00:00+00:00
Cove Rangers,Falkirk,League One,Balmoral Stadium,2022-02-19T15:00:00+00:00
Dumbarton,Alloa Athletic,League One,The C&G Systems Stadium,2022-02-19T15:00:00+00:00
East Fife,Queen's Park,League One,Bayview Stadium,2022-02-19T15:00:00+00:00
Montrose,Clyde,League One,Links Park,2022-02-19T15:00:00+00:00
Peterhead,Airdrie United,League One,Balmoor Stadium,2022-02-19T15:00:00+00:00
Airdrie United,Clyde,League One,Penny Cars Stadium,2022-02-26T15:00:00+00:00
Alloa Athletic,Cove Rangers,League One,Indodrill Stadium,2022-02-26T15:00:00+00:00
Falkirk,East Fife,League One,Falkirk Community Stadium,2022-02-26T15:00:00+00:00
Peterhead,Dumbarton,League One,Balmoor Stadium,2022-02-26T15:00:00+00:00
Queen's Park,Montrose,League One,Firhill Stadium,2022-02-26T15:00:00+00:00
Alloa Athletic,Airdrie United,League One,Indodrill Stadium,2022-03-05T15:00:00+00:00
Clyde,Falkirk,League One,Broadwood Stadium,2022-03-05T15:00:00+00:00
Cove Rangers,Peterhead,League One,Balmoral Stadium,2022-03-05T15:00:00+00:00
Dumbarton,Queen's Park,League One,The C&G Systems Stadium,2022-03-05T15:00:00+00:00
Montrose,East Fife,League One,Links Park,2022-03-05T15:00:00+00:00
Cove Rangers,Clyde,League One,Balmoral Stadium,2022-03-12T15:00:00+00:00
East Fife,Dumbarton,League One,Bayview Stadium,2022-03-12T15:00:00+00:00
Falkirk,Airdrie United,League One,Falkirk Community Stadium,2022-03-12T15:00:00+00:00
Peterhead,Montrose,League One,Balmoor Stadium,2022-03-12T15:00:00+00:00
Queen's Park,Alloa Athletic,League One,Firhill Stadium,2022-03-12T15:00:00+00:00
Airdrie United,Queen's Park,League One,Penny Cars Stadium,2022-03-19T15:00:00+00:00
Alloa Athletic,Peterhead,League One,Indodrill Stadium,2022-03-19T15:00:00+00:00
Clyde,East Fife,League One,Broadwood Stadium,2022-03-19T15:00:00+00:00
Dumbarton,Falkirk,League One,The C&G Systems Stadium,2022-03-19T15:00:00+00:00
Montrose,Cove Rangers,League One,Links Park,2022-03-19T15:00:00+00:00
Airdrie United,Cove Rangers,League One,Penny Cars Stadium,2022-03-26T15:00:00+00:00
Dumbarton,Montrose,League One,The C&G Systems Stadium,2022-03-26T15:00:00+00:00
East Fife,Alloa Athletic,League One,Bayview Stadium,2022-03-26T15:00:00+00:00
Peterhead,Falkirk,League One,Balmoor Stadium,2022-03-26T15:00:00+00:00
Queen's Park,Clyde,League One,Firhill Stadium,2022-03-26T15:00:00+00:00
Alloa Athletic,Dumbarton,League One,Indodrill Stadium,2022-04-02T14:00:00+00:00
Clyde,Peterhead,League One,Broadwood Stadium,2022-04-02T14:00:00+00:00
Cove Rangers,Queen's Park,League One,Balmoral Stadium,2022-04-02T14:00:00+00:00
East Fife,Airdrie United,League One,Bayview Stadium,2022-04-02T14:00:00+00:00
Falkirk,Montrose,League One,Falkirk Community Stadium,2022-04-02T14:00:00+00:00
Alloa Athletic,Clyde,League One,Indodrill Stadium,2022-04-09T14:00:00+00:00
Dumbarton,Peterhead,League One,The C&G Systems Stadium,2022-04-09T14:00:00+00:00
Falkirk,Cove Rangers,League One,Falkirk Community Stadium,2022-04-09T14:00:00+00:00
Montrose,Airdrie United,League One,Links Park,2022-04-09T14:00:00+00:00
Queen's Park,East Fife,League One,Firhill Stadium,2022-04-09T14:00:00+00:00
Airdrie United,Dumbarton,League One,Penny Cars Stadium,2022-04-16T14:00:00+00:00
Clyde,Montrose,League One,Broadwood Stadium,2022-04-16T14:00:00+00:00
Cove Rangers,Alloa Athletic,League One,Balmoral Stadium,2022-04-16T14:00:00+00:00
East Fife,Falkirk,League One,Bayview Stadium,2022-04-16T14:00:00+00:00
Peterhead,Queen's Park,League One,Balmoor Stadium,2022-04-16T14:00:00+00:00
Clyde,Airdrie United,League One,Broadwood Stadium,2022-04-23T14:00:00+00:00
Cove Rangers,Dumbarton,League One,Balmoral Stadium,2022-04-23T14:00:00+00:00
Falkirk,Alloa Athletic,League One,Falkirk Community Stadium,2022-04-23T14:00:00+00:00
Montrose,Queen's Park,League One,Links Park,2022-04-23T14:00:00+00:00
Peterhead,East Fife,League One,Balmoor Stadium,2022-04-23T14:00:00+00:00
Airdrie United,Peterhead,League One,Penny Cars Stadium,2022-04-30T14:00:00+00:00
Alloa Athletic,Montrose,League One,Indodrill Stadium,2022-04-30T14:00:00+00:00
Dumbarton,Clyde,League One,The C&G Systems Stadium,2022-04-30T14:00:00+00:00
East Fife,Cove Rangers,League One,Bayview Stadium,2022-04-30T14:00:00+00:00
Queen's Park,Falkirk,League One,Firhill Stadium,2022-04-30T14:00:00+00:00
Annan Athletic,Forfar Athletic,League Two,Galabank,2021-07-31T14:00:00+00:00
Edinburgh City,Albion Rovers,League Two,Ainslie Park Stadium,2021-11-05T19:45:00+00:00
Elgin City,Stranraer,League Two,Borough Briggs,2021-07-31T14:00:00+00:00
Kelty Hearts,Cowdenbeath,League Two,New Central Park,2021-07-31T14:00:00+00:00
Stenhousemuir,Stirling Albion,League Two,Ochilview Park,2021-07-31T14:00:00+00:00
Albion Rovers,Stenhousemuir,League Two,The Reigart Stadium,2021-08-07T14:00:00+00:00
Cowdenbeath,Elgin City,League Two,Central Park,2021-08-07T14:00:00+00:00
Forfar Athletic,Edinburgh City,League Two,Station Park,2021-08-07T14:00:00+00:00
Stirling Albion,Kelty Hearts,League Two,Forthbank Stadium,2021-08-07T14:00:00+00:00
Stranraer,Annan Athletic,League Two,Stair Park,2021-08-07T14:00:00+00:00
Edinburgh City,Stenhousemuir,League Two,Ainslie Park Stadium,2021-08-13T18:45:00+00:00
Annan Athletic,Stirling Albion,League Two,Galabank,2021-08-14T14:00:00+00:00
Cowdenbeath,Stranraer,League Two,Central Park,2021-08-14T14:00:00+00:00
Elgin City,Albion Rovers,League Two,Borough Briggs,2021-08-14T14:00:00+00:00
Forfar Athletic,Kelty Hearts,League Two,Station Park,2021-08-14T14:00:00+00:00
Albion Rovers,Annan Athletic,League Two,The Reigart Stadium,2021-08-21T14:00:00+00:00
Elgin City,Forfar Athletic,League Two,Borough Briggs,2021-08-21T14:00:00+00:00
Kelty Hearts,Edinburgh City,League Two,New Central Park,2021-08-21T14:00:00+00:00
Stenhousemuir,Cowdenbeath,League Two,Ochilview Park,2021-08-21T14:00:00+00:00
Stranraer,Stirling Albion,League Two,Stair Park,2021-08-21T14:00:00+00:00
Edinburgh City,Elgin City,League Two,Ainslie Park Stadium,2021-08-27T18:45:00+00:00
Cowdenbeath,Annan Athletic,League Two,Central Park,2021-08-28T14:00:00+00:00
Forfar Athletic,Stranraer,League Two,Station Park,2021-08-28T14:00:00+00:00
Stenhousemuir,Kelty Hearts,League Two,Ochilview Park,2021-08-28T14:00:00+00:00
Stirling Albion,Albion Rovers,League Two,Forthbank Stadium,2021-08-28T14:00:00+00:00
Albion Rovers,Cowdenbeath,League Two,The Reigart Stadium,2021-09-11T14:00:00+00:00
Annan Athletic,Stenhousemuir,League Two,Galabank,2021-09-11T14:00:00+00:00
Kelty Hearts,Elgin City,League Two,New Central Park,2021-09-11T14:00:00+00:00
Stirling Albion,Forfar Athletic,League Two,Forthbank Stadium,2021-09-11T14:00:00+00:00
Stranraer,Edinburgh City,League Two,Stair Park,2021-09-11T14:00:00+00:00
Edinburgh City,Stirling Albion,League Two,Ainslie Park Stadium,2021-09-17T18:45:00+00:00
Albion Rovers,Kelty Hearts,League Two,The Reigart Stadium,2021-09-18T14:00:00+00:00
Cowdenbeath,Forfar Athletic,League Two,Central Park,2021-09-18T14:00:00+00:00
Elgin City,Annan Athletic,League Two,Borough Briggs,2021-09-18T14:00:00+00:00
Stranraer,Stenhousemuir,League Two,Stair Park,2021-09-18T14:00:00+00:00
Annan Athletic,Edinburgh City,League Two,Galabank,2021-09-25T14:00:00+00:00
Forfar Athletic,Albion Rovers,League Two,Station Park,2021-09-25T14:00:00+00:00
Kelty Hearts,Stranraer,League Two,New Central Park,2021-09-25T14:00:00+00:00
Stenhousemuir,Elgin City,League Two,Ochilview Park,2021-09-25T14:00:00+00:00
Stirling Albion,Cowdenbeath,League Two,Forthbank Stadium,2021-09-25T14:00:00+00:00
Edinburgh City,Cowdenbeath,League Two,Ainslie Park Stadium,2021-10-01T18:45:00+00:00
Elgin City,Stirling Albion,League Two,Borough Briggs,2021-10-02T14:00:00+00:00
Kelty Hearts,Annan Athletic,League Two,New Central Park,2021-10-02T14:00:00+00:00
Stenhousemuir,Forfar Athletic,League Two,Ochilview Park,2021-10-02T14:00:00+00:00
Stranraer,Albion Rovers,League Two,Stair Park,2021-10-02T14:00:00+00:00
Edinburgh City,Kelty Hearts,League Two,Ainslie Park Stadium,2021-10-15T18:45:00+00:00
Albion Rovers,Elgin City,League Two,The Reigart Stadium,2021-10-16T14:00:00+00:00
Cowdenbeath,Stenhousemuir,League Two,Central Park,2021-10-16T14:00:00+00:00
Forfar Athletic,Annan Athletic,League Two,Station Park,2021-10-16T14:00:00+00:00
Stirling Albion,Stranraer,League Two,Forthbank Stadium,2021-10-16T14:00:00+00:00
Annan Athletic,Cowdenbeath,League Two,Galabank,2021-10-30T15:00:00+00:00
Elgin City,Edinburgh City,League Two,Borough Briggs,2021-10-30T15:00:00+00:00
Kelty Hearts,Stirling Albion,League Two,New Central Park,2021-10-30T15:00:00+00:00
Stenhousemuir,Albion Rovers,League Two,Ochilview Park,2021-10-30T15:00:00+00:00
Stranraer,Forfar Athletic,League Two,Stair Park,2021-10-30T15:00:00+00:00
Albion Rovers,Edinburgh City,League Two,The Reigart Stadium,2021-07-31T14:00:00+00:00
Annan Athletic,Stranraer,League Two,Galabank,2021-11-06T15:00:00+00:00
Cowdenbeath,Kelty Hearts,League Two,Central Park,2021-11-06T15:00:00+00:00
Forfar Athletic,Elgin City,League Two,Station Park,2021-11-06T15:00:00+00:00
Stirling Albion,Stenhousemuir,League Two,Forthbank Stadium,2021-11-06T15:00:00+00:00
Edinburgh City,Stranraer,League Two,Ainslie Park Stadium,2021-11-12T19:45:00+00:00
Albion Rovers,Stirling Albion,League Two,The Reigart Stadium,2021-11-13T15:00:00+00:00
Elgin City,Cowdenbeath,League Two,Borough Briggs,2021-11-13T15:00:00+00:00
Kelty Hearts,Forfar Athletic,League Two,New Central Park,2021-11-13T15:00:00+00:00
Stenhousemuir,Annan Athletic,League Two,Ochilview Park,2021-11-13T15:00:00+00:00
Annan Athletic,Albion Rovers,League Two,Galabank,2021-11-20T15:00:00+00:00
Forfar Athletic,Cowdenbeath,League Two,Station Park,2021-11-20T15:00:00+00:00
Kelty Hearts,Stenhousemuir,League Two,New Central Park,2021-11-20T15:00:00+00:00
Stirling Albion,Edinburgh City,League Two,Forthbank Stadium,2021-11-20T15:00:00+00:00
Stranraer,Elgin City,League Two,Stair Park,2021-11-20T15:00:00+00:00
Edinburgh City,Annan Athletic,League Two,Ainslie Park Stadium,2021-12-03T19:45:00+00:00
Albion Rovers,Forfar Athletic,League Two,The Reigart Stadium,2021-12-04T15:00:00+00:00
Cowdenbeath,Stirling Albion,League Two,Central Park,2021-12-04T15:00:00+00:00
Elgin City,Kelty Hearts,League Two,Borough Briggs,2021-12-04T15:00:00+00:00
Stenhousemuir,Stranraer,League Two,Ochilview Park,2021-12-04T15:00:00+00:00
Annan Athletic,Elgin City,League Two,Galabank,2021-12-11T15:00:00+00:00
Forfar Athletic,Stirling Albion,League Two,Station Park,2021-12-11T15:00:00+00:00
Kelty Hearts,Albion Rovers,League Two,New Central Park,2021-12-11T15:00:00+00:00
Stenhousemuir,Edinburgh City,League Two,Ochilview Park,2021-12-11T15:00:00+00:00
Stranraer,Cowdenbeath,League Two,Stair Park,2021-12-11T15:00:00+00:00
Edinburgh City,Forfar Athletic,League Two,Ainslie Park Stadium,2021-12-17T19:45:00+00:00
Cowdenbeath,Albion Rovers,League Two,Central Park,2021-12-18T15:00:00+00:00
Elgin City,Stenhousemuir,League Two,Borough Briggs,2021-12-18T15:00:00+00:00
Stirling Albion,Annan Athletic,League Two,Forthbank Stadium,2021-12-18T15:00:00+00:00
Stranraer,Kelty Hearts,League Two,Stair Park,2021-12-18T15:00:00+00:00
Albion Rovers,Stranraer,League Two,The Reigart Stadium,2021-12-26T15:00:00+00:00
Annan Athletic,Kelty Hearts,League Two,Galabank,2021-12-26T15:00:00+00:00
Cowdenbeath,Edinburgh City,League Two,Central Park,2021-12-26T15:00:00+00:00
Forfar Athletic,Stenhousemuir,League Two,Station Park,2021-12-26T15:00:00+00:00
Stirling Albion,Elgin City,League Two,Forthbank Stadium,2021-12-26T15:00:00+00:00
Edinburgh City,Albion Rovers,League Two,Ainslie Park Stadium,2022-01-02T15:00:00+00:00
Elgin City,Forfar Athletic,League Two,Borough Briggs,2022-01-02T15:00:00+00:00
Kelty Hearts,Cowdenbeath,League Two,New Central Park,2022-01-02T15:00:00+00:00
Stenhousemuir,Stirling Albion,League Two,Ochilview Park,2022-01-02T15:00:00+00:00
Stranraer,Annan Athletic,League Two,Stair Park,2022-01-02T15:00:00+00:00
Edinburgh City,Elgin City,League Two,Ainslie Park Stadium,2022-01-07T19:45:00+00:00
Albion Rovers,Stenhousemuir,League Two,The Reigart Stadium,2022-01-08T15:00:00+00:00
Cowdenbeath,Annan Athletic,League Two,Central Park,2022-01-08T15:00:00+00:00
Forfar Athletic,Stranraer,League Two,Station Park,2022-01-08T15:00:00+00:00
Stirling Albion,Kelty Hearts,League Two,Forthbank Stadium,2022-01-08T15:00:00+00:00
Annan Athletic,Forfar Athletic,League Two,Galabank,2022-01-15T15:00:00+00:00
Elgin City,Albion Rovers,League Two,Borough Briggs,2022-01-15T15:00:00+00:00
Kelty Hearts,Edinburgh City,League Two,New Central Park,2022-01-15T15:00:00+00:00
Stenhousemuir,Cowdenbeath,League Two,Ochilview Park,2022-01-15T15:00:00+00:00
Stranraer,Stirling Albion,League Two,Stair Park,2022-01-15T15:00:00+00:00
Edinburgh City,Stenhousemuir,League Two,Ainslie Park Stadium,2022-01-21T19:45:00+00:00
Albion Rovers,Kelty Hearts,League Two,The Reigart Stadium,2022-01-22T15:00:00+00:00
Cowdenbeath,Stranraer,League Two,Central Park,2022-01-22T15:00:00+00:00
Elgin City,Annan Athletic,League Two,Borough Briggs,2022-01-22T15:00:00+00:00
Stirling Albion,Forfar Athletic,League Two,Forthbank Stadium,2022-01-22T15:00:00+00:00
Albion Rovers,Cowdenbeath,League Two,The Reigart Stadium,2022-01-29T15:00:00+00:00
Annan Athletic,Stirling Albion,League Two,Galabank,2022-01-29T15:00:00+00:00
Forfar Athletic,Edinburgh City,League Two,Station Park,2022-01-29T15:00:00+00:00
Kelty Hearts,Stranraer,League Two,New Central Park,2022-01-29T15:00:00+00:00
Stenhousemuir,Elgin City,League Two,Ochilview Park,2022-01-29T15:00:00+00:00
Annan Athletic,Stenhousemuir,League Two,Galabank,2022-02-05T15:00:00+00:00
Forfar Athletic,Albion Rovers,League Two,Station Park,2022-02-05T15:00:00+00:00
Kelty Hearts,Elgin City,League Two,New Central Park,2022-02-05T15:00:00+00:00
Stirling Albion,Cowdenbeath,League Two,Forthbank Stadium,2022-02-05T15:00:00+00:00
Stranraer,Edinburgh City,League Two,Stair Park,2022-02-05T15:00:00+00:00
Edinburgh City,Stirling Albion,League Two,Ainslie Park Stadium,2022-02-11T19:45:00+00:00
Albion Rovers,Annan Athletic,League Two,The Reigart Stadium,2022-02-12T15:00:00+00:00
Cowdenbeath,Forfar Athletic,League Two,Central Park,2022-02-12T15:00:00+00:00
Elgin City,Stranraer,League Two,Borough Briggs,2022-02-12T15:00:00+00:00
Stenhousemuir,Kelty Hearts,League Two,Ochilview Park,2022-02-12T15:00:00+00:00
Annan Athletic,Edinburgh City,League Two,Galabank,2022-02-19T15:00:00+00:00
Cowdenbeath,Elgin City,League Two,Central Park,2022-02-19T15:00:00+00:00
Forfar Athletic,Kelty Hearts,League Two,Station Park,2022-02-19T15:00:00+00:00
Stirling Albion,Albion Rovers,League Two,Forthbank Stadium,2022-02-19T15:00:00+00:00
Stranraer,Stenhousemuir,League Two,Stair Park,2022-02-19T15:00:00+00:00
Edinburgh City,Cowdenbeath,League Two,Ainslie Park Stadium,2022-02-25T19:45:00+00:00
Elgin City,Stirling Albion,League Two,Borough Briggs,2022-02-26T15:00:00+00:00
Kelty Hearts,Annan Athletic,League Two,New Central Park,2022-02-26T15:00:00+00:00
Stenhousemuir,Forfar Athletic,League Two,Ochilview Park,2022-02-26T15:00:00+00:00
Stranraer,Albion Rovers,League Two,Stair Park,2022-02-26T15:00:00+00:00
Albion Rovers,Edinburgh City,League Two,The Reigart Stadium,2022-03-05T15:00:00+00:00
Annan Athletic,Stranraer,League Two,Galabank,2022-03-05T15:00:00+00:00
Cowdenbeath,Kelty Hearts,League Two,Central Park,2022-03-05T15:00:00+00:00
Forfar Athletic,Elgin City,League Two,Station Park,2022-03-05T15:00:00+00:00
Stirling Albion,Stenhousemuir,League Two,Forthbank Stadium,2022-03-05T15:00:00+00:00
Annan Athletic,Elgin City,League Two,Galabank,2022-03-12T15:00:00+00:00
Forfar Athletic,Stirling Albion,League Two,Station Park,2022-03-12T15:00:00+00:00
Kelty Hearts,Albion Rovers,League Two,New Central Park,2022-03-12T15:00:00+00:00
Stenhousemuir,Edinburgh City,League Two,Ochilview Park,2022-03-12T15:00:00+00:00
Stranraer,Cowdenbeath,League Two,Stair Park,2022-03-12T15:00:00+00:00
Edinburgh City,Stranraer,League Two,Ainslie Park Stadium,2022-03-18T19:45:00+00:00
Albion Rovers,Forfar Athletic,League Two,The Reigart Stadium,2022-03-19T15:00:00+00:00
Cowdenbeath,Stenhousemuir,League Two,Central Park,2022-03-19T15:00:00+00:00
Elgin City,Kelty Hearts,League Two,Borough Briggs,2022-03-19T15:00:00+00:00
Stirling Albion,Annan Athletic,League Two,Forthbank Stadium,2022-03-19T15:00:00+00:00
Annan Athletic,Albion Rovers,League Two,Galabank,2022-03-26T15:00:00+00:00
Elgin City,Edinburgh City,League Two,Borough Briggs,2022-03-26T15:00:00+00:00
Forfar Athletic,Cowdenbeath,League Two,Station Park,2022-03-26T15:00:00+00:00
Kelty Hearts,Stenhousemuir,League Two,New Central Park,2022-03-26T15:00:00+00:00
Stirling Albion,Stranraer,League Two,Forthbank Stadium,2022-03-26T15:00:00+00:00
Edinburgh City,Kelty Hearts,League Two,Ainslie Park Stadium,2022-04-01T18:45:00+00:00
Albion Rovers,Elgin City,League Two,The Reigart Stadium,2022-04-02T14:00:00+00:00
Cowdenbeath,Stirling Albion,League Two,Central Park,2022-04-02T14:00:00+00:00
Stenhousemuir,Annan Athletic,League Two,Ochilview Park,2022-04-02T14:00:00+00:00
Stranraer,Forfar Athletic,League Two,Stair Park,2022-04-02T14:00:00+00:00
Edinburgh City,Forfar Athletic,League Two,Ainslie Park Stadium,2022-04-08T18:45:00+00:00
Albion Rovers,Stranraer,League Two,The Reigart Stadium,2022-04-09T14:00:00+00:00
Annan Athletic,Cowdenbeath,League Two,Galabank,2022-04-09T14:00:00+00:00
Elgin City,Stenhousemuir,League Two,Borough Briggs,2022-04-09T14:00:00+00:00
Kelty Hearts,Stirling Albion,League Two,New Central Park,2022-04-09T14:00:00+00:00
Cowdenbeath,Edinburgh City,League Two,Central Park,2022-04-16T14:00:00+00:00
Forfar Athletic,Annan Athletic,League Two,Station Park,2022-04-16T14:00:00+00:00
Stenhousemuir,Albion Rovers,League Two,Ochilview Park,2022-04-16T14:00:00+00:00
Stirling Albion,Elgin City,League Two,Forthbank Stadium,2022-04-16T14:00:00+00:00
Stranraer,Kelty Hearts,League Two,Stair Park,2022-04-16T14:00:00+00:00
Edinburgh City,Annan Athletic,League Two,Ainslie Park Stadium,2022-04-22T18:45:00+00:00
Albion Rovers,Stirling Albion,League Two,The Reigart Stadium,2022-04-23T14:00:00+00:00
Elgin City,Cowdenbeath,League Two,Borough Briggs,2022-04-23T14:00:00+00:00
Kelty Hearts,Forfar Athletic,League Two,New Central Park,2022-04-23T14:00:00+00:00
Stenhousemuir,Stranraer,League Two,Ochilview Park,2022-04-23T14:00:00+00:00
Annan Athletic,Kelty Hearts,League Two,Galabank,2022-04-30T14:00:00+00:00
Cowdenbeath,Albion Rovers,League Two,Central Park,2022-04-30T14:00:00+00:00
Forfar Athletic,Stenhousemuir,League Two,Station Park,2022-04-30T14:00:00+00:00
Stirling Albion,Edinburgh City,League Two,Forthbank Stadium,2022-04-30T14:00:00+00:00
Stranraer,Elgin City,League Two,Stair Park,2022-04-30T14:00:00+00:00
Arbroath,Inverness CT,Championship,Gayfield Park,2021-07-31T14:00:00+00:00
Kilmarnock,Ayr Utd,Championship,BBSP Stadium Rugby Park,2021-08-02T18:45:00+00:00
Morton,Dunfermline,Championship,Cappielow Park,2021-07-31T14:00:00+00:00
Partick,Queen of the South,Championship,Firhill Stadium,2021-07-31T14:00:00+00:00
Raith Rovers,Hamilton Academical,Championship,Stark's Park,2021-07-31T14:00:00+00:00
Ayr Utd,Arbroath,Championship,Somerset Park,2021-08-07T14:00:00+00:00
Dunfermline,Partick,Championship,East End Park,2021-08-07T14:00:00+00:00
Hamilton Academical,Morton,Championship,Fountain of Youth Stadium,2021-08-07T14:00:00+00:00
Inverness CT,Raith Rovers,Championship,Tulloch Caledonian Stadium,2021-08-07T14:00:00+00:00
Queen of the South,Kilmarnock,Championship,Palmerston Park,2021-08-07T14:00:00+00:00
Arbroath,Partick,Championship,Gayfield Park,2021-08-21T14:00:00+00:00
Hamilton Academical,Kilmarnock,Championship,Fountain of Youth Stadium,2021-08-21T14:00:00+00:00
Inverness CT,Ayr Utd,Championship,Tulloch Caledonian Stadium,2021-08-21T14:00:00+00:00
Morton,Queen of the South,Championship,Cappielow Park,2021-08-21T14:00:00+00:00
Raith Rovers,Dunfermline,Championship,Stark's Park,2021-08-20T18:45:00+00:00
Ayr Utd,Raith Rovers,Championship,Somerset Park,2021-08-28T14:00:00+00:00
Dunfermline,Arbroath,Championship,East End Park,2021-08-28T14:00:00+00:00
Kilmarnock,Inverness CT,Championship,BBSP Stadium Rugby Park,2021-08-28T14:00:00+00:00
Partick,Morton,Championship,Firhill Stadium,2021-08-28T14:00:00+00:00
Queen of the South,Hamilton Academical,Championship,Palmerston Park,2021-08-28T14:00:00+00:00
Arbroath,Hamilton Academical,Championship,Gayfield Park,2021-09-11T14:00:00+00:00
Ayr Utd,Dunfermline,Championship,Somerset Park,2021-09-11T14:00:00+00:00
Inverness CT,Partick,Championship,Tulloch Caledonian Stadium,2021-09-11T14:00:00+00:00
Kilmarnock,Morton,Championship,BBSP Stadium Rugby Park,2021-09-11T14:00:00+00:00
Raith Rovers,Queen of the South,Championship,Stark's Park,2021-09-11T14:00:00+00:00
Dunfermline,Inverness CT,Championship,East End Park,2021-09-18T14:00:00+00:00
Hamilton Academical,Ayr Utd,Championship,Fountain of Youth Stadium,2021-09-18T14:00:00+00:00
Morton,Raith Rovers,Championship,Cappielow Park,2021-09-18T14:00:00+00:00
Partick,Kilmarnock,Championship,Firhill Stadium,2021-09-18T14:00:00+00:00
Queen of the South,Arbroath,Championship,Palmerston Park,2021-09-18T14:00:00+00:00
Arbroath,Kilmarnock,Championship,Gayfield Park,2021-09-25T14:00:00+00:00
Ayr Utd,Morton,Championship,Somerset Park,2021-09-25T14:00:00+00:00
Dunfermline,Hamilton Academical,Championship,East End Park,2021-09-25T14:00:00+00:00
Inverness CT,Queen of the South,Championship,Tulloch Caledonian Stadium,2021-09-25T14:00:00+00:00
Raith Rovers,Partick,Championship,Stark's Park,2021-09-25T14:00:00+00:00
Hamilton Academical,Inverness CT,Championship,Fountain of Youth Stadium,2021-10-02T14:00:00+00:00
Kilmarnock,Raith Rovers,Championship,BBSP Stadium Rugby Park,2021-10-02T14:00:00+00:00
Morton,Arbroath,Championship,Cappielow Park,2021-10-02T14:00:00+00:00
Partick,Ayr Utd,Championship,Firhill Stadium,2021-10-02T14:00:00+00:00
Queen of the South,Dunfermline,Championship,Palmerston Park,2021-10-02T14:00:00+00:00
Ayr Utd,Queen of the South,Championship,Somerset Park,2021-10-16T14:00:00+00:00
Dunfermline,Kilmarnock,Championship,East End Park,2021-10-16T14:00:00+00:00
Hamilton Academical,Partick,Championship,Fountain of Youth Stadium,2021-10-16T14:00:00+00:00
Inverness CT,Morton,Championship,Tulloch Caledonian Stadium,2021-10-16T14:00:00+00:00
Raith Rovers,Arbroath,Championship,Stark's Park,2021-10-16T14:00:00+00:00
Arbroath,Ayr Utd,Championship,Gayfield Park,2021-10-23T14:00:00+00:00
Kilmarnock,Hamilton Academical,Championship,BBSP Stadium Rugby Park,2021-10-23T14:00:00+00:00
Partick,Dunfermline,Championship,Firhill Stadium,2021-10-23T14:00:00+00:00
Queen of the South,Morton,Championship,Palmerston Park,2021-10-23T14:00:00+00:00
Raith Rovers,Inverness CT,Championship,Stark's Park,2021-10-23T14:00:00+00:00
Morton,Partick,Championship,Cappielow Park,2021-10-26T19:30:00+00:00
Ayr Utd,Kilmarnock,Championship,Somerset Park,2021-10-26T19:45:00+00:00
Dunfermline,Raith Rovers,Championship,East End Park,2021-10-26T19:45:00+00:00
Hamilton Academical,Queen of the South,Championship,Fountain of Youth Stadium,2021-10-26T19:45:00+00:00
Inverness CT,Arbroath,Championship,Tulloch Caledonian Stadium,2021-10-26T19:45:00+00:00
Arbroath,Dunfermline,Championship,Gayfield Park,2021-10-30T15:00:00+00:00
Kilmarnock,Queen of the South,Championship,BBSP Stadium Rugby Park,2021-10-30T15:00:00+00:00
Morton,Hamilton Academical,Championship,Cappielow Park,2021-10-30T15:00:00+00:00
Partick,Inverness CT,Championship,Firhill Stadium,2021-10-30T15:00:00+00:00
Raith Rovers,Ayr Utd,Championship,Stark's Park,2021-10-30T15:00:00+00:00
Ayr Utd,Inverness CT,Championship,Somerset Park,2021-11-06T15:00:00+00:00
Dunfermline,Morton,Championship,East End Park,2021-11-06T15:00:00+00:00
Hamilton Academical,Arbroath,Championship,Fountain of Youth Stadium,2021-11-06T15:00:00+00:00
Kilmarnock,Partick,Championship,BBSP Stadium Rugby Park,2021-11-06T15:00:00+00:00
Queen of the South,Raith Rovers,Championship,Palmerston Park,2021-11-06T15:00:00+00:00
Arbroath,Queen of the South,Championship,Gayfield Park,2021-11-13T15:00:00+00:00
Ayr Utd,Partick,Championship,Somerset Park,2021-11-13T15:00:00+00:00
Hamilton Academical,Raith Rovers,Championship,Fountain of Youth Stadium,2021-11-13T15:00:00+00:00
Inverness CT,Dunfermline,Championship,Tulloch Caledonian Stadium,2021-11-13T15:00:00+00:00
Morton,Kilmarnock,Championship,Cappielow Park,2021-11-13T15:00:00+00:00
Dunfermline,Ayr Utd,Championship,East End Park,2021-11-20T15:00:00+00:00
Kilmarnock,Arbroath,Championship,BBSP Stadium Rugby Park,2021-11-20T15:00:00+00:00
Partick,Hamilton Academical,Championship,Firhill Stadium,2021-11-20T15:00:00+00:00
Queen of the South,Inverness CT,Championship,Palmerston Park,2021-11-20T15:00:00+00:00
Raith Rovers,Morton,Championship,Stark's Park,2021-11-20T15:00:00+00:00
Arbroath,Raith Rovers,Championship,Gayfield Park,2021-12-04T15:00:00+00:00
Hamilton Academical,Dunfermline,Championship,Fountain of Youth Stadium,2021-12-04T15:00:00+00:00
Inverness CT,Kilmarnock,Championship,Tulloch Caledonian Stadium,2021-12-04T15:00:00+00:00
Morton,Ayr Utd,Championship,Cappielow Park,2021-12-04T15:00:00+00:00
Queen of the South,Partick,Championship,Palmerston Park,2021-12-04T15:00:00+00:00
Ayr Utd,Hamilton Academical,Championship,Somerset Park,2021-12-11T15:00:00+00:00
Dunfermline,Queen of the South,Championship,East End Park,2021-12-11T15:00:00+00:00
Morton,Inverness CT,Championship,Cappielow Park,2021-12-11T15:00:00+00:00
Partick,Arbroath,Championship,Firhill Stadium,2021-12-11T15:00:00+00:00
Raith Rovers,Kilmarnock,Championship,Stark's Park,2021-12-11T15:00:00+00:00
Arbroath,Morton,Championship,Gayfield Park,2021-12-18T15:00:00+00:00
Inverness CT,Hamilton Academical,Championship,Tulloch Caledonian Stadium,2021-12-18T15:00:00+00:00
Kilmarnock,Dunfermline,Championship,BBSP Stadium Rugby Park,2021-12-18T15:00:00+00:00
Partick,Raith Rovers,Championship,Firhill Stadium,2021-12-18T15:00:00+00:00
Queen of the South,Ayr Utd,Championship,Palmerston Park,2021-12-18T15:00:00+00:00
Ayr Utd,Raith Rovers,Championship,Somerset Park,2021-12-26T15:00:00+00:00
Dunfermline,Arbroath,Championship,East End Park,2021-12-26T15:00:00+00:00
Hamilton Academical,Kilmarnock,Championship,Fountain of Youth Stadium,2021-12-26T15:00:00+00:00
Inverness CT,Partick,Championship,Tulloch Caledonian Stadium,2021-12-26T15:00:00+00:00
Morton,Queen of the South,Championship,Cappielow Park,2021-12-26T15:00:00+00:00
Arbroath,Hamilton Academical,Championship,Gayfield Park,2021-12-29T19:45:00+00:00
Dunfermline,Inverness CT,Championship,East End Park,2021-12-29T19:45:00+00:00
Kilmarnock,Morton,Championship,BBSP Stadium Rugby Park,2021-12-29T19:45:00+00:00
Partick,Ayr Utd,Championship,Firhill Stadium,2021-12-29T19:45:00+00:00
Raith Rovers,Queen of the South,Championship,Stark's Park,2021-12-29T19:45:00+00:00
Arbroath,Inverness CT,Championship,Gayfield Park,2022-01-02T15:00:00+00:00
Kilmarnock,Ayr Utd,Championship,BBSP Stadium Rugby Park,2022-01-02T15:00:00+00:00
Partick,Morton,Championship,Firhill Stadium,2022-01-02T15:00:00+00:00
Queen of the South,Hamilton Academical,Championship,Palmerston Park,2022-01-02T15:00:00+00:00
Raith Rovers,Dunfermline,Championship,Stark's Park,2022-01-02T15:00:00+00:00
Ayr Utd,Arbroath,Championship,Somerset Park,2022-01-08T15:00:00+00:00
Hamilton Academical,Partick,Championship,Fountain of Youth Stadium,2022-01-08T15:00:00+00:00
Inverness CT,Raith Rovers,Championship,Tulloch Caledonian Stadium,2022-01-08T15:00:00+00:00
Morton,Dunfermline,Championship,Cappielow Park,2022-01-08T15:00:00+00:00
Queen of the South,Kilmarnock,Championship,Palmerston Park,2022-01-08T15:00:00+00:00
Ayr Utd,Morton,Championship,Somerset Park,2022-01-15T15:00:00+00:00
Dunfermline,Hamilton Academical,Championship,East End Park,2022-01-15T15:00:00+00:00
Inverness CT,Queen of the South,Championship,Tulloch Caledonian Stadium,2022-01-15T15:00:00+00:00
Partick,Kilmarnock,Championship,Firhill Stadium,2022-01-15T15:00:00+00:00
Raith Rovers,Arbroath,Championship,Stark's Park,2022-01-15T15:00:00+00:00
Arbroath,Partick,Championship,Gayfield Park,2022-01-29T15:00:00+00:00
Hamilton Academical,Ayr Utd,Championship,Fountain of Youth Stadium,2022-01-29T15:00:00+00:00
Kilmarnock,Inverness CT,Championship,BBSP Stadium Rugby Park,2022-01-29T15:00:00+00:00
Morton,Raith Rovers,Championship,Cappielow Park,2022-01-29T15:00:00+00:00
Queen of the South,Dunfermline,Championship,Palmerston Park,2022-01-29T15:00:00+00:00
Arbroath,Kilmarnock,Championship,Gayfield Park,2022-02-05T15:00:00+00:00
Ayr Utd,Dunfermline,Championship,Somerset Park,2022-02-05T15:00:00+00:00
Inverness CT,Morton,Championship,Tulloch Caledonian Stadium,2022-02-05T15:00:00+00:00
Partick,Queen of the South,Championship,Firhill Stadium,2022-02-05T15:00:00+00:00
Raith Rovers,Hamilton Academical,Championship,Stark's Park,2022-02-05T15:00:00+00:00
Dunfermline,Partick,Championship,East End Park,2022-02-19T15:00:00+00:00
Hamilton Academical,Morton,Championship,Fountain of Youth Stadium,2022-02-19T15:00:00+00:00
Inverness CT,Ayr Utd,Championship,Tulloch Caledonian Stadium,2022-02-19T15:00:00+00:00
Kilmarnock,Raith Rovers,Championship,BBSP Stadium Rugby Park,2022-02-19T15:00:00+00:00
Queen of the South,Arbroath,Championship,Palmerston Park,2022-02-19T15:00:00+00:00
Ayr Utd,Queen of the South,Championship,Somerset Park,2022-02-26T15:00:00+00:00
Dunfermline,Kilmarnock,Championship,East End Park,2022-02-26T15:00:00+00:00
Hamilton Academical,Inverness CT,Championship,Fountain of Youth Stadium,2022-02-26T15:00:00+00:00
Morton,Arbroath,Championship,Cappielow Park,2022-02-26T15:00:00+00:00
Raith Rovers,Partick,Championship,Stark's Park,2022-02-26T15:00:00+00:00
Arbroath,Dunfermline,Championship,Gayfield Park,2022-03-05T15:00:00+00:00
Kilmarnock,Hamilton Academical,Championship,BBSP Stadium Rugby Park,2022-03-05T15:00:00+00:00
Partick,Inverness CT,Championship,Firhill Stadium,2022-03-05T15:00:00+00:00
Queen of the South,Morton,Championship,Palmerston Park,2022-03-05T15:00:00+00:00
Raith Rovers,Ayr Utd,Championship,Stark's Park,2022-03-05T15:00:00+00:00
Ayr Utd,Kilmarnock,Championship,Somerset Park,2022-03-12T15:00:00+00:00
Hamilton Academical,Dunfermline,Championship,Fountain of Youth Stadium,2022-03-12T15:00:00+00:00
Inverness CT,Arbroath,Championship,Tulloch Caledonian Stadium,2022-03-12T15:00:00+00:00
Morton,Partick,Championship,Cappielow Park,2022-03-12T15:00:00+00:00
Queen of the South,Raith Rovers,Championship,Palmerston Park,2022-03-12T15:00:00+00:00
Arbroath,Ayr Utd,Championship,Gayfield Park,2022-03-19T15:00:00+00:00
Dunfermline,Morton,Championship,East End Park,2022-03-19T15:00:00+00:00
Kilmarnock,Queen of the South,Championship,BBSP Stadium Rugby Park,2022-03-19T15:00:00+00:00
Partick,Hamilton Academical,Championship,Firhill Stadium,2022-03-19T15:00:00+00:00
Raith Rovers,Inverness CT,Championship,Stark's Park,2022-03-19T15:00:00+00:00
Arbroath,Raith Rovers,Championship,Gayfield Park,2022-03-26T15:00:00+00:00
Hamilton Academical,Queen of the South,Championship,Fountain of Youth Stadium,2022-03-26T15:00:00+00:00
Inverness CT,Dunfermline,Championship,Tulloch Caledonian Stadium,2022-03-26T15:00:00+00:00
Kilmarnock,Partick,Championship,BBSP Stadium Rugby Park,2022-03-26T15:00:00+00:00
Morton,Ayr Utd,Championship,Cappielow Park,2022-03-26T15:00:00+00:00
Ayr Utd,Hamilton Academical,Championship,Somerset Park,2022-04-02T14:00:00+00:00
Dunfermline,Raith Rovers,Championship,East End Park,2022-04-02T14:00:00+00:00
Morton,Kilmarnock,Championship,Cappielow Park,2022-04-02T14:00:00+00:00
Partick,Arbroath,Championship,Firhill Stadium,2022-04-02T14:00:00+00:00
Queen of the South,Inverness CT,Championship,Palmerston Park,2022-04-02T14:00:00+00:00
Ayr Utd,Inverness CT,Championship,Somerset Park,2022-04-09T14:00:00+00:00
Hamilton Academical,Arbroath,Championship,Fountain of Youth Stadium,2022-04-09T14:00:00+00:00
Kilmarnock,Dunfermline,Championship,BBSP Stadium Rugby Park,2022-04-09T14:00:00+00:00
Queen of the South,Partick,Championship,Palmerston Park,2022-04-09T14:00:00+00:00
Raith Rovers,Morton,Championship,Stark's Park,2022-04-09T14:00:00+00:00
Arbroath,Queen of the South,Championship,Gayfield Park,2022-04-16T14:00:00+00:00
Dunfermline,Ayr Utd,Championship,East End Park,2022-04-16T14:00:00+00:00
Inverness CT,Kilmarnock,Championship,Tulloch Caledonian Stadium,2022-04-16T14:00:00+00:00
Morton,Hamilton Academical,Championship,Cappielow Park,2022-04-16T14:00:00+00:00
Partick,Raith Rovers,Championship,Firhill Stadium,2022-04-16T14:00:00+00:00
Hamilton Academical,Raith Rovers,Championship,Fountain of Youth Stadium,2022-04-23T14:00:00+00:00
Kilmarnock,Arbroath,Championship,BBSP Stadium Rugby Park,2022-04-23T14:00:00+00:00
Morton,Inverness CT,Championship,Cappielow Park,2022-04-23T14:00:00+00:00
Partick,Dunfermline,Championship,Firhill Stadium,2022-04-23T14:00:00+00:00
Queen of the South,Ayr Utd,Championship,Palmerston Park,2022-04-23T14:00:00+00:00
Arbroath,Morton,Championship,Gayfield Park,2022-04-29T18:45:00+00:00
Ayr Utd,Partick,Championship,Somerset Park,2022-04-29T18:45:00+00:00
Dunfermline,Queen of the South,Championship,East End Park,2022-04-29T18:45:00+00:00
Inverness CT,Hamilton Academical,Championship,Tulloch Caledonian Stadium,2022-04-29T18:45:00+00:00
Raith Rovers,Kilmarnock,Championship,Stark's Park,2022-04-29T18:45:00+00:00
Rangers,Livingston,Premiership,Ibrox Stadium,2021-07-31T12:30:00+00:00
Dundee,ST Mirren,Premiership,Kilmac Stadium at Dens Park,2021-07-31T14:00:00+00:00
Ross County,ST Johnstone,Premiership,Global Energy Stadium,2021-07-31T14:00:00+00:00
Heart OF Midlothian,Celtic,Premiership,Tynecastle Park,2021-07-31T19:00:00+00:00
Aberdeen,Dundee Utd,Premiership,Pittodrie Stadium,2021-08-01T14:00:00+00:00
Motherwell,Hibernian,Premiership,Fir Park,2021-08-01T15:30:00+00:00
Celtic,Dundee,Premiership,Celtic Park,2021-08-07T14:00:00+00:00
Dundee Utd,Rangers,Premiership,Tannadice Park,2021-08-07T11:30:00+00:00
Hibernian,Ross County,Premiership,Easter Road Stadium,2021-08-07T14:00:00+00:00
Livingston,Aberdeen,Premiership,Tony Macaroni Arena,2021-08-07T14:00:00+00:00
ST Mirren,Heart OF Midlothian,Premiership,The SMISA Stadium,2021-08-07T14:00:00+00:00
ST Johnstone,Motherwell,Premiership,McDiarmid Park,2021-08-08T14:00:00+00:00
Celtic,ST Mirren,Premiership,Celtic Park,2021-08-21T14:00:00+00:00
Dundee,Hibernian,Premiership,Kilmac Stadium at Dens Park,2021-08-22T11:00:00+00:00
Heart OF Midlothian,Aberdeen,Premiership,Tynecastle Park,2021-08-21T14:00:00+00:00
Livingston,Motherwell,Premiership,Tony Macaroni Arena,2021-08-21T14:00:00+00:00
Ross County,Rangers,Premiership,Global Energy Stadium,2021-08-21T14:00:00+00:00
ST Johnstone,Dundee Utd,Premiership,McDiarmid Park,2021-08-21T14:00:00+00:00
Aberdeen,Ross County,Premiership,Pittodrie Stadium,2021-08-28T14:00:00+00:00
Dundee Utd,Heart OF Midlothian,Premiership,Tannadice Park,2021-08-28T14:00:00+00:00
Hibernian,Livingston,Premiership,Easter Road Stadium,2021-08-28T14:00:00+00:00
Motherwell,Dundee,Premiership,Fir Park,2021-08-28T14:00:00+00:00
Rangers,Celtic,Premiership,Ibrox Stadium,2021-08-29T11:00:00+00:00
ST Mirren,ST Johnstone,Premiership,The SMISA Stadium,2021-08-28T14:00:00+00:00
Celtic,Ross County,Premiership,Celtic Park,2021-09-11T14:00:00+00:00
Dundee,Livingston,Premiership,Kilmac Stadium at Dens Park,2021-09-11T14:00:00+00:00
Heart OF Midlothian,Hibernian,Premiership,Tynecastle Park,2021-09-12T11:00:00+00:00
Motherwell,Aberdeen,Premiership,Fir Park,2021-09-11T14:00:00+00:00
ST Johnstone,Rangers,Premiership,McDiarmid Park,2021-09-11T11:30:00+00:00
ST Mirren,Dundee Utd,Premiership,The SMISA Stadium,2021-09-11T14:00:00+00:00
Aberdeen,ST Johnstone,Premiership,Pittodrie Stadium,2021-09-18T14:00:00+00:00
Dundee Utd,Dundee,Premiership,Tannadice Park,2021-09-19T11:00:00+00:00
Hibernian,ST Mirren,Premiership,Easter Road Stadium,2021-09-18T14:00:00+00:00
Livingston,Celtic,Premiership,Tony Macaroni Arena,2021-09-18T14:00:00+00:00
Rangers,Motherwell,Premiership,Ibrox Stadium,2021-09-18T14:00:00+00:00
Ross County,Heart OF Midlothian,Premiership,Global Energy Stadium,2021-09-18T14:00:00+00:00
Celtic,Dundee Utd,Premiership,Celtic Park,2021-09-25T14:00:00+00:00
Dundee,Rangers,Premiership,Kilmac Stadium at Dens Park,2021-09-25T14:00:00+00:00
Heart OF Midlothian,Livingston,Premiership,Tynecastle Park,2021-09-25T14:00:00+00:00
Hibernian,ST Johnstone,Premiership,Easter Road Stadium,2021-09-25T14:00:00+00:00
Motherwell,Ross County,Premiership,Fir Park,2021-09-25T14:00:00+00:00
ST Mirren,Aberdeen,Premiership,The SMISA Stadium,2021-09-26T11:00:00+00:00
Aberdeen,Celtic,Premiership,Pittodrie Stadium,2021-10-02T14:00:00+00:00
Dundee Utd,Ross County,Premiership,Tannadice Park,2021-10-02T14:00:00+00:00
Heart OF Midlothian,Motherwell,Premiership,Tynecastle Park,2021-10-02T14:00:00+00:00
Livingston,ST Mirren,Premiership,Tony Macaroni Arena,2021-10-02T14:00:00+00:00
Rangers,Hibernian,Premiership,Ibrox Stadium,2021-10-02T14:00:00+00:00
ST Johnstone,Dundee,Premiership,McDiarmid Park,2021-10-02T14:00:00+00:00
Dundee,Aberdeen,Premiership,Kilmac Stadium at Dens Park,2021-10-16T14:00:00+00:00
Hibernian,Dundee Utd,Premiership,Easter Road Stadium,2021-10-16T14:00:00+00:00
Motherwell,Celtic,Premiership,Fir Park,2021-10-16T14:00:00+00:00
Rangers,Heart OF Midlothian,Premiership,Ibrox Stadium,2021-10-16T14:00:00+00:00
Ross County,ST Mirren,Premiership,Global Energy Stadium,2021-10-16T14:00:00+00:00
ST Johnstone,Livingston,Premiership,McDiarmid Park,2021-10-16T14:00:00+00:00
Aberdeen,Hibernian,Premiership,Pittodrie Stadium,2021-10-23T14:00:00+00:00
Celtic,ST Johnstone,Premiership,Celtic Park,2021-10-23T14:00:00+00:00
Dundee Utd,Motherwell,Premiership,Tannadice Park,2021-10-23T14:00:00+00:00
Heart OF Midlothian,Dundee,Premiership,Tynecastle Park,2021-10-23T14:00:00+00:00
Ross County,Livingston,Premiership,Global Energy Stadium,2021-10-23T14:00:00+00:00
ST Mirren,Rangers,Premiership,The SMISA Stadium,2021-10-23T14:00:00+00:00
Dundee,Ross County,Premiership,Kilmac Stadium at Dens Park,2021-10-27T19:45:00+00:00
Hibernian,Celtic,Premiership,Easter Road Stadium,2021-10-27T19:45:00+00:00
Livingston,Dundee Utd,Premiership,Tony Macaroni Arena,2021-10-27T19:45:00+00:00
Motherwell,ST Mirren,Premiership,Fir Park,2021-10-27T19:45:00+00:00
Rangers,Aberdeen,Premiership,Ibrox Stadium,2021-10-27T19:45:00+00:00
ST Johnstone,Heart OF Midlothian,Premiership,McDiarmid Park,2021-10-27T19:45:00+00:00
Aberdeen,Heart OF Midlothian,Premiership,Pittodrie Stadium,2021-10-30T15:00:00+00:00
Celtic,Livingston,Premiership,Celtic Park,2021-10-30T15:00:00+00:00
Dundee Utd,ST Johnstone,Premiership,Tannadice Park,2021-10-30T15:00:00+00:00
Motherwell,Rangers,Premiership,Fir Park,2021-10-30T15:00:00+00:00
Ross County,Hibernian,Premiership,Global Energy Stadium,2021-10-30T15:00:00+00:00
ST Mirren,Dundee,Premiership,The SMISA Stadium,2021-10-30T15:00:00+00:00
Aberdeen,Motherwell,Premiership,Pittodrie Stadium,2021-11-06T15:00:00+00:00
Dundee,Celtic,Premiership,Kilmac Stadium at Dens Park,2021-11-06T15:00:00+00:00
Heart OF Midlothian,Dundee Utd,Premiership,Tynecastle Park,2021-11-06T15:00:00+00:00
Livingston,Hibernian,Premiership,Tony Macaroni Arena,2021-11-06T15:00:00+00:00
Rangers,Ross County,Premiership,Ibrox Stadium,2021-11-06T15:00:00+00:00
ST Johnstone,ST Mirren,Premiership,McDiarmid Park,2021-11-06T15:00:00+00:00
Dundee Utd,Aberdeen,Premiership,Tannadice Park,2021-11-20T15:00:00+00:00
Hibernian,Dundee,Premiership,Easter Road Stadium,2021-11-20T15:00:00+00:00
Motherwell,Heart OF Midlothian,Premiership,Fir Park,2021-11-20T15:00:00+00:00
Rangers,ST Johnstone,Premiership,Ibrox Stadium,2021-11-20T15:00:00+00:00
Ross County,Celtic,Premiership,Global Energy Stadium,2021-11-20T15:00:00+00:00
ST Mirren,Livingston,Premiership,The SMISA Stadium,2021-11-20T15:00:00+00:00
Celtic,Aberdeen,Premiership,Celtic Park,2021-11-27T15:00:00+00:00
Dundee,Motherwell,Premiership,Kilmac Stadium at Dens Park,2021-11-27T15:00:00+00:00
Heart OF Midlothian,ST Mirren,Premiership,Tynecastle Park,2021-11-27T15:00:00+00:00
Livingston,Rangers,Premiership,Tony Macaroni Arena,2021-11-27T15:00:00+00:00
Ross County,Dundee Utd,Premiership,Global Energy Stadium,2021-11-27T15:00:00+00:00
ST Johnstone,Hibernian,Premiership,McDiarmid Park,2021-11-27T15:00:00+00:00
Aberdeen,Livingston,Premiership,Pittodrie Stadium,2021-12-01T19:45:00+00:00
Celtic,Heart OF Midlothian,Premiership,Celtic Park,2021-12-01T19:45:00+00:00
Dundee,ST Johnstone,Premiership,Kilmac Stadium at Dens Park,2021-12-01T19:45:00+00:00
Hibernian,Rangers,Premiership,Easter Road Stadium,2021-12-01T19:45:00+00:00
Motherwell,Dundee Utd,Premiership,Fir Park,2021-12-01T19:45:00+00:00
ST Mirren,Ross County,Premiership,The SMISA Stadium,2021-12-01T19:45:00+00:00
Aberdeen,ST Mirren,Premiership,Pittodrie Stadium,2021-12-04T15:00:00+00:00
Dundee Utd,Celtic,Premiership,Tannadice Park,2021-12-04T15:00:00+00:00
Hibernian,Motherwell,Premiership,Easter Road Stadium,2021-12-04T15:00:00+00:00
Livingston,Heart OF Midlothian,Premiership,Tony Macaroni Arena,2021-12-04T15:00:00+00:00
Rangers,Dundee,Premiership,Ibrox Stadium,2021-12-04T15:00:00+00:00
ST Johnstone,Ross County,Premiership,McDiarmid Park,2021-12-04T15:00:00+00:00
Celtic,Motherwell,Premiership,Celtic Park,2021-12-11T15:00:00+00:00
Dundee Utd,Livingston,Premiership,Tannadice Park,2021-12-11T15:00:00+00:00
Heart OF Midlothian,Rangers,Premiership,Tynecastle Park,2021-12-11T15:00:00+00:00
Ross County,Dundee,Premiership,Global Energy Stadium,2021-12-11T15:00:00+00:00
ST Johnstone,Aberdeen,Premiership,McDiarmid Park,2021-12-11T15:00:00+00:00
ST Mirren,Hibernian,Premiership,The SMISA Stadium,2021-12-11T15:00:00+00:00
Dundee,Heart OF Midlothian,Premiership,Kilmac Stadium at Dens Park,2021-12-18T15:00:00+00:00
Hibernian,Aberdeen,Premiership,Easter Road Stadium,2021-12-18T15:00:00+00:00
Livingston,Ross County,Premiership,Tony Macaroni Arena,2021-12-18T15:00:00+00:00
Motherwell,ST Johnstone,Premiership,Fir Park,2021-12-18T15:00:00+00:00
Rangers,Dundee Utd,Premiership,Ibrox Stadium,2021-12-18T15:00:00+00:00
ST Mirren,Celtic,Premiership,The SMISA Stadium,2021-12-18T15:00:00+00:00
Aberdeen,Dundee,Premiership,Pittodrie Stadium,2021-12-26T15:00:00+00:00
Dundee Utd,Hibernian,Premiership,Tannadice Park,2021-12-26T15:00:00+00:00
Heart OF Midlothian,Ross County,Premiership,Tynecastle Park,2021-12-26T15:00:00+00:00
Motherwell,Livingston,Premiership,Fir Park,2021-12-26T15:00:00+00:00
Rangers,ST Mirren,Premiership,Ibrox Stadium,2021-12-26T15:00:00+00:00
ST Johnstone,Celtic,Premiership,McDiarmid Park,2021-12-26T15:00:00+00:00
Aberdeen,Rangers,Premiership,Pittodrie Stadium,2021-12-29T19:45:00+00:00
Celtic,Hibernian,Premiership,Celtic Park,2021-12-29T19:45:00+00:00
Dundee Utd,ST Mirren,Premiership,Tannadice Park,2021-12-29T19:45:00+00:00
Heart OF Midlothian,ST Johnstone,Premiership,Tynecastle Park,2021-12-29T19:45:00+00:00
Livingston,Dundee,Premiership,Tony Macaroni Arena,2021-12-29T19:45:00+00:00
Ross County,Motherwell,Premiership,Global Energy Stadium,2021-12-29T19:45:00+00:00
Celtic,Rangers,Premiership,Celtic Park,2022-01-02T15:00:00+00:00
Dundee,Dundee Utd,Premiership,Kilmac Stadium at Dens Park,2022-01-02T15:00:00+00:00
Hibernian,Heart OF Midlothian,Premiership,Easter Road Stadium,2022-01-02T15:00:00+00:00
Livingston,ST Johnstone,Premiership,Tony Macaroni Arena,2022-01-02T15:00:00+00:00
Ross County,Aberdeen,Premiership,Global Energy Stadium,2022-01-02T15:00:00+00:00
ST Mirren,Motherwell,Premiership,The SMISA Stadium,2022-01-02T15:00:00+00:00
Dundee Utd,Ross County,Premiership,Tannadice Park,2022-01-26T19:45:00+00:00
Heart OF Midlothian,Celtic,Premiership,Tynecastle Park,2022-01-26T19:45:00+00:00
Motherwell,Hibernian,Premiership,Fir Park,2022-01-26T19:45:00+00:00
Rangers,Livingston,Premiership,Ibrox Stadium,2022-01-26T19:45:00+00:00
ST Johnstone,Dundee,Premiership,McDiarmid Park,2022-01-26T19:45:00+00:00
ST Mirren,Aberdeen,Premiership,The SMISA Stadium,2022-01-26T19:45:00+00:00
Aberdeen,ST Johnstone,Premiership,Pittodrie Stadium,2022-01-29T15:00:00+00:00
Celtic,Dundee Utd,Premiership,Celtic Park,2022-01-29T15:00:00+00:00
Dundee,ST Mirren,Premiership,Kilmac Stadium at Dens Park,2022-01-29T15:00:00+00:00
Heart OF Midlothian,Motherwell,Premiership,Tynecastle Park,2022-01-29T15:00:00+00:00
Hibernian,Livingston,Premiership,Easter Road Stadium,2022-01-29T15:00:00+00:00
Ross County,Rangers,Premiership,Global Energy Stadium,2022-01-29T15:00:00+00:00
Dundee,Ross County,Premiership,Kilmac Stadium at Dens Park,2022-02-05T15:00:00+00:00
Hibernian,ST Mirren,Premiership,Easter Road Stadium,2022-02-05T15:00:00+00:00
Livingston,Aberdeen,Premiership,Tony Macaroni Arena,2022-02-05T15:00:00+00:00
Motherwell,Celtic,Premiership,Fir Park,2022-02-05T15:00:00+00:00
Rangers,Heart OF Midlothian,Premiership,Ibrox Stadium,2022-02-05T15:00:00+00:00
ST Johnstone,Dundee Utd,Premiership,McDiarmid Park,2022-02-05T15:00:00+00:00
Aberdeen,Celtic,Premiership,Pittodrie Stadium,2022-02-09T19:45:00+00:00
Dundee Utd,Motherwell,Premiership,Tannadice Park,2022-02-09T19:45:00+00:00
Heart OF Midlothian,Dundee,Premiership,Tynecastle Park,2022-02-09T19:45:00+00:00
Rangers,Hibernian,Premiership,Ibrox Stadium,2022-02-09T19:45:00+00:00
Ross County,Livingston,Premiership,Global Energy Stadium,2022-02-09T19:45:00+00:00
ST Mirren,ST Johnstone,Premiership,The SMISA Stadium,2022-02-09T19:45:00+00:00
Celtic,Dundee,Premiership,Celtic Park,2022-02-19T15:00:00+00:00
Dundee Utd,Rangers,Premiership,Tannadice Park,2022-02-19T15:00:00+00:00
Hibernian,Ross County,Premiership,Easter Road Stadium,2022-02-19T15:00:00+00:00
Livingston,ST Mirren,Premiership,Tony Macaroni Arena,2022-02-19T15:00:00+00:00
Motherwell,Aberdeen,Premiership,Fir Park,2022-02-19T15:00:00+00:00
ST Johnstone,Heart OF Midlothian,Premiership,McDiarmid Park,2022-02-19T15:00:00+00:00
Aberdeen,Dundee Utd,Premiership,Pittodrie Stadium,2022-02-26T15:00:00+00:00
Dundee,Livingston,Premiership,Kilmac Stadium at Dens Park,2022-02-26T15:00:00+00:00
Hibernian,Celtic,Premiership,Easter Road Stadium,2022-02-26T15:00:00+00:00
Rangers,Motherwell,Premiership,Ibrox Stadium,2022-02-26T15:00:00+00:00
Ross County,ST Johnstone,Premiership,Global Energy Stadium,2022-02-26T15:00:00+00:00
ST Mirren,Heart OF Midlothian,Premiership,The SMISA Stadium,2022-02-26T15:00:00+00:00
Celtic,ST Mirren,Premiership,Celtic Park,2022-03-02T19:45:00+00:00
Dundee,Hibernian,Premiership,Kilmac Stadium at Dens Park,2022-03-02T19:45:00+00:00
Heart OF Midlothian,Aberdeen,Premiership,Tynecastle Park,2022-03-02T19:45:00+00:00
Livingston,Dundee Utd,Premiership,Tony Macaroni Arena,2022-03-02T19:45:00+00:00
Motherwell,Ross County,Premiership,Fir Park,2022-03-02T19:45:00+00:00
ST Johnstone,Rangers,Premiership,McDiarmid Park,2022-03-02T19:45:00+00:00
Dundee Utd,Heart OF Midlothian,Premiership,Tannadice Park,2022-03-05T15:00:00+00:00
Hibernian,ST Johnstone,Premiership,Easter Road Stadium,2022-03-05T15:00:00+00:00
Livingston,Celtic,Premiership,Tony Macaroni Arena,2022-03-05T15:00:00+00:00
Motherwell,Dundee,Premiership,Fir Park,2022-03-05T15:00:00+00:00
Rangers,Aberdeen,Premiership,Ibrox Stadium,2022-03-05T15:00:00+00:00
Ross County,ST Mirren,Premiership,Global Energy Stadium,2022-03-05T15:00:00+00:00
Aberdeen,Hibernian,Premiership,Pittodrie Stadium,2022-03-19T15:00:00+00:00
Celtic,Ross County,Premiership,Celtic Park,2022-03-19T15:00:00+00:00
Dundee,Rangers,Premiership,Kilmac Stadium at Dens Park,2022-03-19T15:00:00+00:00
Heart OF Midlothian,Livingston,Premiership,Tynecastle Park,2022-03-19T15:00:00+00:00
ST Johnstone,Motherwell,Premiership,McDiarmid Park,2022-03-19T15:00:00+00:00
ST Mirren,Dundee Utd,Premiership,The SMISA Stadium,2022-03-19T15:00:00+00:00
Dundee,Aberdeen,Premiership,Kilmac Stadium at Dens Park,2022-04-02T14:00:00+00:00
Hibernian,Dundee Utd,Premiership,Easter Road Stadium,2022-04-02T14:00:00+00:00
Motherwell,ST Mirren,Premiership,Fir Park,2022-04-02T14:00:00+00:00
Rangers,Celtic,Premiership,Ibrox Stadium,2022-04-02T14:00:00+00:00
Ross County,Heart OF Midlothian,Premiership,Global Energy Stadium,2022-04-02T14:00:00+00:00
ST Johnstone,Livingston,Premiership,McDiarmid Park,2022-04-02T14:00:00+00:00
Aberdeen,Ross County,Premiership,Pittodrie Stadium,2022-04-09T14:00:00+00:00
Celtic,ST Johnstone,Premiership,Celtic Park,2022-04-09T14:00:00+00:00
Dundee Utd,Dundee,Premiership,Tannadice Park,2022-04-09T14:00:00+00:00
Heart OF Midlothian,Hibernian,Premiership,Tynecastle Park,2022-04-09T14:00:00+00:00
Livingston,Motherwell,Premiership,Tony Macaroni Arena,2022-04-09T14:00:00+00:00
ST Mirren,Rangers,Premiership,The SMISA Stadium,2022-04-09T14:00:00+00:00
